name,hex
Báiqīng,#98B6C2
Bànjiàn,#FFFBC7
Biǎnqīng,#509196
Bìchéng,#12507B
Bìluò,#AED0EE
Bīngtái,#BECAB7
Bìshān,#779649
Bìzī,#90A07D
Bùzào,#A7AAA1
Cāng'ài,#5A4B3B
Cāngcāng,#5976BA
Cānghuáng,#B6A014
Cāngjiā,#A8BF8F
Cāngláng,#99BCAC
Cānglàng,#B1D5C8
Cāngyānluòzhào,#C8B5B3
Cǎnzǐ,#CC73A0
Cǎobái,#BFC1A9
Chángchūn,#DC6B82
Chāngróng,#DCC7E1
Chásè,#887657
Chēngwěi,#EF845D
Chēngxiá,#F18F60
Chēngzǐ,#8A1874
Chénxiāng,#99806C
Chìlíng,#954024
Chìtí,#BA5B49
Chīyóuqí,#A85858
Chìzhāng,#E1C199
Chūnbì,#9D9D82
Chūnchén,#A9BE7B
Chúnzhī,#C25160
Chūxiù,#A9A773
Cíhuáng,#B4884D
Címì,#BFC096
Cíní,#CF929E
Cōngjiè,#88BFB8
Cōngqiàn,#6C8650
Cōngqīng,#EDF1BB
Cuìpiǎo,#B7D332
Cuìqiú,#446A37
Cuìtāo,#819D8E
Cuìwēi,#4C8045
Cuìzūn,#CDD171
Dàchì,#AA9649
Dàizhě,#DD6B4F
Dàkuài,#BFA782
Dānjì,#E60012
Dānshú,#873424
Dānwò,#C8161D
Dǎosè,#226B68
Dàrán,#822327
Dàyún,#94784F
Dìlài,#DFCEB4
Dīngxiāng,#CE93BF
Dīngxiānghè,#BD9683
Dìshìqīng,#003460
Dìxuè,#814662
Dōngfāngjìbái,#8BA3C7
Dòngpiǎo,#BEC2B3
Duàncháng,#ECEBC2
Éhuáng,#BE8A2F
Èrlǜ,#5DA39D
Èrmùyú,#DFE0D9
Fǎcuì,#108B96
Fēngrùsōng,#868C4E
Fěnmǐ,#EFC4CE
Fóchì,#8F3D2C
Fótóuqīng,#19325F
Fúguāng,#F0C2A2
Fúkěnhóng,#ECD9C7
Fúsè,#662B2F
Fúzǐmián,#7E527F
Gàndié,#2C2F3B
Gānshí,#BDB2B2
Gànyǔ,#003D74
Gǎoyǔ,#EFEFEF
Guāngmíngshā,#CC5D20
Guānlǜ,#2A6E3F
Gǔpiǎo,#EBE3C7
Hǎitiānxiá,#F3A694
Hèdǐnghóng,#D24735
Hēizhū,#70695D
Hóngténgzhàng,#928187
Hóngyǒu,#D9883D
Hóngzhí,#CD7372
Hóngzhízhú,#B83570
Huángāi,#B49273
Huángbáiyóu,#FFF799
Huángbùlǎo,#DB9B34
Huángcóng,#9E8C6B
Huángdān,#EA5514
Huángfēng,#CAB272
Huánghéliúlí,#E5A84B
Huángliáng,#C4B798
Huánglìliú,#FEDC5E
Huángliú,#9F6027
Huángluó,#B4A379
Huángrùn,#DFD6B8
Huāqīng,#1A2847
Jiāhuī,#BEB1AA
Jiāndé,#6F94CD
Jiānghuáng,#D6C560
Jiàngshā,#B27777
Jiàngzhēnxiāng,#9E8358
Jiǎnsè,#C6A268
Jiānxiāng,#D5C8A0
Jiāofáng,#DB9C5E
Jiāohè,#72453A
Jiǎoyī,#7F754C
Jiǎoyù,#EBEEE8
Jiāoyuè,#86908A
Jiǎshānnán,#D4C1A6
Jiātǎn,#CAD7C5
Jiélǜ,#555F4D
Jièshízǐ,#602641
Jìhé,#4F794A
Jìhóng,#7C4449
Jíjīn,#896D47
Jìlán,#3C4654
Jíliáng,#EBEDDF
Jīnghè,#906C4A
Jǐngtiān,#A4C9CC
Jīngyuán,#31322C
Jīnliè,#BE9457
Jìnqiè,#877D52
Jǐnyú,#1E2732
Jìnyún,#EE7959
Jiǔjīnhuáng,#DD8078
Juànwán,#ECE093
Juétóu,#631216
Jùlǚ,#AA8E59
Jūyī,#D3A237
Kōngqīng,#66889E
Kǒngquèlán,#4994C4
Kùjīn,#E18A3B
Láncǎihé,#06536F
Lánggānzǐ,#CB5C83
Lántiáo,#A8B78C
Lǎofúshén,#AA8534
Lǎosēngyī,#A46244
Léiyǔchuí,#7A7B78
Liánhóng,#D9A0B3
Lìké,#775039
Línglù,#A6BAB1
Lìshòu,#756C4B
Liúhuáng,#8B7042
Lónggāozhú,#DE82A7
Lóngzhàn,#5F4321
Luánhuá,#C0AD5E
Luǎnsè,#D5E3D4
Lùbō,#9BB496
Lǜdòuhè,#92896B
Lùhè,#BD8253
Luóqīng,#3F503B
Luòshénzhū,#D23918
Luózidài,#13393E
Lǜshěn,#938F4C
Lǜyún,#45493D
Lùzhú,#698E6A
Mèidié,#BC6E37
Mèigé,#9F5221
Méiméi,#4E6548
Měirénjì,#C35C6A
Mìhè,#683632
Mìhé,#DFD7C2
Mílóuhuī,#91828F
Míngcháhè,#9E8368
Míngkē,#B3B59C
Mìngqìng,#454659
Míngsè,#665F4D
Míngyuèdāng,#D4D3CA
Mǐtāngjiāo,#EEEAD9
Mìtuósēng,#B3934B
Mòcǎn,#585248
Mùjǐn,#BA79B1
Mùlán,#662B1F
Mùshānzǐ,#A4ABD6
Mùtóngzǐ,#5B3222
Nèn'éhuáng,#F2C867
Níngyèzǐ,#422256
Níngzhī,#F5F2E9
Nǚzhēnhuáng,#F7EEAD
Ōubì,#C0D695
Ǒusīhè,#A88787
Ǒusīqiūbàn,#D3CBC5
Pèijiǔ,#AC9F8A
Piǎobì,#80A492
Pǐnyuè,#8AABCC
Pútáohè,#9E696D
Qiànfá,#9E2A22
Qiānshāncuì,#6B7D73
Qiǎnyún,#EAEEF1
Qièlán,#88ABDA
Qiéluó,#6D5C3D
Qīgū,#5D8351
Qílín,#12264F
Qílínjié,#4C1E1A
Qíndān,#E94829
Qīngbáiyù,#CAC5A0
Qīngcàn,#C3D94E
Qīngdài,#45465E
Qīnggǔ,#B3BDA9
Qīngguā,#284852
Qīngguī,#92905D
Qīnglí,#422517
Qīngluán,#9AA7B1
Qīngméi,#778A77
Qīngmíng,#3271AE
Qīngqīng,#4F6F46
Qīngqiū,#81A380
Qīngquètóudài,#354E6B
Qíngshān,#A3BBDB
Qīngwò,#007175
Qīngyù'àn,#A8B092
Qióngjū,#D77F66
Qǐqián,#D8DE8A
Qiūlán,#7D929F
Qiúlín,#343041
Qiūxiāng,#BF9C46
Qízǐ,#6C216D
Quányuán,#CE8892
Qūchén,#C0D09D
Quèméi,#788A6F
Qúnqīng,#2E59A7
Rénlài,#9EBC19
Róngróngyuè,#BEC2BC
Ròuhóng,#DDC5B8
Róulán,#106898
Ruǎncuì,#006D87
Rúlǜ,#A35F65
Rúmènglíng,#DDBB99
Ruólán,#6E9BC5
Sānglěi,#EAD89A
Sāngōngzǐ,#663D74
Shānfán,#F5F3F2
Shānhúhè,#C12C1F
Shānlán,#BED2BB
Shào'ài,#E3EB98
Sháofěn,#E0E0D0
Shàoyī,#A8A19C
Shāxíng,#BFA670
Shèxiānghè,#694B3C
Shífà,#6A8D52
Shíliánhè,#92897B
Shíliúqún,#B13B2E
Shílǜ,#206864
Shímì,#D4BF89
Shíniè,#686A67
Shíyàngjǐn,#F8C6B5
Shíyīng,#C8B6BB
Shuāngdì,#C7C6B6
Shuǐhóng,#ECB0C1
Shuǐhuázhū,#A72126
Shuǐlóngyín,#84A729
Shùnshèng,#7C191E
Sōnghuā,#FFEE6F
Sōnglán,#6B798E
Sùcǎi,#D4DDE1
Sūfāng,#81474C
Sūméi,#DD7694
Sùqí,#595333
Táigǔ,#79836C
Tàishīqīng,#547689
Tàiyīyúliáng,#D5B45C
Tǎjiàn,#151D29
Tánchún,#DA9E8C
Tánglí,#B15A43
Tánglíhè,#955A42
Tánhè,#945635
Tánsè,#B26D5D
Táoyāo,#F6BEC8
Tiánchì,#E1D384
Tiānpiǎo,#D5EBE1
Tiānqiú,#E0DFC6
Tiānshuǐbì,#5AA4AE
Tiáoróng,#ED6D3D
Tiělí,#46433B
Tīnghóng,#B04552
Tíngwúlǜ,#68945C
Tóngguǎn,#E2A2AC
Tóngqīng,#3D8E86
Tuìhóng,#F0CFE3
Tuóhè,#7C5B3E
Tǔshòulán,#4182A4
Wángchú,#A99F70
Wǎnyǎn,#A9A886
Wèihóng,#A73766
Wèizǐ,#903754
Wēnfú,#984F31
Wòzhě,#DD6B7B
Xiánchí,#DAA9A9
Xiānglúzǐyān,#D3CCD6
Xiāngpí,#D8D1C5
Xiāngyè,#ECD452
Xiānmǐ,#D4C9AA
Xiǎohóng,#E67762
Xiāoyáoyóu,#B2BFC3
Xiàyuè,#D2AF9D
Xìchì,#CB523E
Xīlán,#E3ADB9
Xīnggāng,#F5B087
Xīngláng,#BCD4E7
Xíngxiāngzǐ,#BFB99C
Xìngzǐ,#DA9233
Xīxì,#5F766A
Xīzǐ,#87C0CA
Xuánjiǎo,#A9A082
Xuántiān,#6B5458
Xūnhuáng,#BA5140
Yāchú,#6A5B6D
Yáfēi,#C35C5D
Yángfēi,#F091A0
Yǎngshēngzhǔ,#B49B7F
Yānhóng,#9D858F
Yānmò,#5C4F55
Yánwéi,#4A4B9D
Yānzhīchóng,#AB1D22
Yānzhīshuǐ,#B95A89
Yānzhīzǐ,#B0436F
Yáohuáng,#D6BC46
Yègān,#7C623F
Yīng'ér,#EBE1A9
Yīngbèihè,#8F6D5F
Yīnghuā,#E4B8D5
Yǐngqīng,#BDCBD2
Yíngyíng,#F9D3E3
Yínhè,#9C8D9B
Yínhóng,#E7CAD3
Yínzhū,#D12920
Yóuhúlú,#644D31
Yóulǜ,#5D7259
Yōutánruì,#615EA8
Yóuzǐ,#420B2F
Yuǎnzhì,#81663B
Yúbái,#C9CFC1
Yuèbái,#D4E5EF
Yuèpò,#B2B6B6
Yùjīnqún,#D08635
Yúnhuáng,#D2A36C
Yúnmén,#A2D2E2
Yúnmǔ,#C6BEB1
Yúnwù,#D5D1AE
Yùpīng,#EAE5E3
Yùsè,#EAE4D1
Yúshīqīng,#32788A
Yùyángrǎn,#576470
Yǔyúliáng,#E1D279
Zànbái,#F6F9E4
Zǎohè,#68361A
Zēngqīng,#535164
Zhèhuáng,#C67915
Zhěluó,#9A6655
Zhēnglì,#A58A5F
Zhèngqīng,#6CA8AF
Zhídàxiàng,#919177
Zhīzi,#FAC03D
Zhūcǎo,#A64036
Zhūkǒngyáng,#B81A35
Zhuójiàng,#796860
Zhūshì,#ED6D46
Zhūshílì,#81492C
Zhūyántuó,#F29A76
Zhūyīn,#B93A26
Zhūyīng,#8F1D22
Zhúyuè,#7F9FAF
Zhūzhàn,#95302E
Zhūzǐhè,#BEA89D
Zǐ'ōu,#7C461E
Zǐbóhàn,#BBA1CB
Zǐdì,#9B8EA9
Zǐfǔ,#995D7F
Zǐgào,#76555D
Zǐhuābù,#BEA78B
Zǐjīngpíngfēng,#A76283
Zǐkuàng,#9E4E56
Zǐméi,#BB7A8C
Zǐmò,#A67EB7
Zǐmójīn,#BC836B
Zǐpú,#A6559D
Zǐqū,#7D5284
Zǐshǔ,#594C57
Zǐyuàn,#757CBB
Zōuchī,#804C2E
